[ItemSearch_BEGIN],0
marketplaceDomain,1
aWSAccessKeyId,2
subscriptionId,3
associateTag,4
xMLEscaping,5
validate,6
[ItemSearchRequest_BEGIN],7
actor,8
artist,9
availability,10
audienceRating,11
author,12
brand,13
browseNode,14
city,15
composer,16
condition,17
conductor,18
count,19
cuisine,20
deliveryMethod,21
director,22
futureLaunchDate,23
iSPUPostalCode,24
itemPage,25
keywords,26
manufacturer,27
maximumPrice,28
merchantId,29
minimumPrice,30
musicLabel,31
neighborhood,32
orchestra,33
postalCode,34
power,35
publisher,36
relatedItemPage,37
relationshipType,38
responseGroup,39
reviewSort,40
searchIndex,41
sort,42
state,43
tagPage,44
tagsPerPage,45
tagSort,46
textStream,47
title,48
releaseDate,49
[ItemSearchRequest_END],50
[ItemSearchRequest_BEGIN*],51
actor,52
artist,53
availability,54
audienceRating,55
author,56
brand,57
browseNode,58
city,59
composer,60
condition,61
conductor,62
count,63
cuisine,64
deliveryMethod,65
director,66
futureLaunchDate,67
iSPUPostalCode,68
itemPage,69
keywords,70
manufacturer,71
maximumPrice,72
merchantId,73
minimumPrice,74
musicLabel,75
neighborhood,76
orchestra,77
postalCode,78
power,79
publisher,80
relatedItemPage,81
relationshipType,82
responseGroup,83
reviewSort,84
searchIndex,85
sort,86
state,87
tagPage,88
tagsPerPage,89
tagSort,90
textStream,91
title,92
releaseDate,93
[ItemSearchRequest_END],94
[ItemSearchRequest_BEGIN],95
actor,96
artist,97
availability,98
audienceRating,99
author,100
brand,101
browseNode,102
city,103
composer,104
condition,105
conductor,106
count,107
cuisine,108
deliveryMethod,109
director,110
futureLaunchDate,111
iSPUPostalCode,112
itemPage,113
keywords,114
manufacturer,115
maximumPrice,116
merchantId,117
minimumPrice,118
musicLabel,119
neighborhood,120
orchestra,121
postalCode,122
power,123
publisher,124
relatedItemPage,125
relationshipType,126
responseGroup,127
reviewSort,128
searchIndex,129
sort,130
state,131
tagPage,132
tagsPerPage,133
tagSort,134
textStream,135
title,136
releaseDate,137
[ItemSearchRequest_END*],138
[ItemSearch_END],139